# POVOAMENTO Script

INSERT INTO CIDADE VALUES(150020,'LAGOA SANTA','mg');
INSERT INTO CIDADE VALUES(150021,'VESPASIANO','mg');
INSERT INTO CIDADE VALUES(150022,'CONFINS','mg');
INSERT INTO CIDADE VALUES(150023,'MARINGA','PR');
INSERT INTO CIDADE VALUES(150024,'SÃO GABRIEL DA CACHOEIRA','AM');
INSERT INTO CIDADE VALUES(150025,'CAXIAS','RS');
INSERT INTO Fornecedor VALUES(110056,'SÃO TOME DISTRIBUIDORA','AV AMAZONAS',1010,'centro','34200000','LUCAS PACHECO','12452345','625836','31996788999',150020);
INSERT INTO Fornecedor VALUES(110055,'JJA DISTRIBUIDORA','RUA WILSON CELSO OLIVEIRA',35,'URUPES','33200000','OLIVEIRA','1212121211','2182821837','31996788743',150021);
INSERT INTO Fornecedor VALUES(110057,'VITORIA DISTRIBUIDORA','AV ANTONIO CARLOS',35,'centro','36200000','VERONICA','1212346311','76575821835','31996784690',150022);
INSERT INTO Fornecedor VALUES(110058,'ABIMM DISTRIBUIDORA','AV MARIA CELIA',35,'LAGO SUL','37500000','PAULA','126236211','2361838','31996787087',150023);
INSERT INTO Fornecedor VALUES(110059,'VIA SÃO LUCAS DISTRIBUIDORA','AV MANOEL FARIA',35,'PARQUE INDUSTRIAL','38600000','CAMILA','747621211','2182821839','31996750255',150024);
INSERT INTO Fornecedor VALUES(110054,'BH DISTRIBUIDORA','AV ALGUSTO DE LIMA',35,'JARDIM NOVO HORIZONTE ','37800000','JESSICA','45311','2182821831','31995748346',150025);
INSERT INTO Loja VALUES(500056,'SÃO LUCAS I','AV JOSE FARIAS',80,'centro','31996788999','4852349348','00.293.074/0001-70',150020);
INSERT INTO Loja VALUES(500055,'SÃO LUCAS II','RUA EDIGAR DE OLIVEIRA',95,'PARQUE DAS INDUSTRIA','31996788743','482345859348','01.293.074/0001-80',150021);
INSERT INTO Loja VALUES(500057,'SÃO JOÃO','AV CARLOS ANTONIO',35,'centro','31996784690','48253859348','02.293.074/0001-86',150022);
INSERT INTO Loja VALUES(500058,'JARDIM ANDIARA','AV SÃO PAULO',33,'LOGOA DOURADA','31996787087','4848452548','03.293.074/0001-84',150023);
INSERT INTO Loja VALUES(500059,'PARQUE ARC','AV FERNANDO CUNHO ',19,'PARQUE INDUSTRIAL II','31996750255','484823529348','0.293.074/0001-87',150024);
INSERT INTO Loja VALUES(500054,'SÃO JOSE','AV AA',35,'NOVO IMPRERIO ','31995748346','48252348','05.293.074/0001-88',150025);
